First Name,Given Name,Usual Name,Gender,Birthday
Jordan,Rojas,Jordan,Male,01-12-1961
Michelle,Richardson,Michelle,Female,23-07-2016
Kathleen,Smith,Kathleen,Female,29-05-1952
Danielle ,King,Danielle,Female,11-05-1968
Ashley,Forbes,Ashley,Female,25-11-2005
Monique,Williams,Monique,Female,02-04-1952
Ryan,Kennedy,Ryan,Male,16-12-1930
Ashley,Scott,Ashley,Female,07-08-1982
Christine ,Sparks,Christine,Female,16-01-2010
Sean ,Dyer,Sean,Male,14-10-1988
